<?xml version="1.0" encoding="UTF-8"?>
<classpath>
	<classpathentry kind="src" path="src"/>
	<classpathentry kind="con" path="org.eclipse.jdt.launching.JRE_CONTAINER/org.eclipse.jdt.internal.debug.ui.launcher.StandardVMType/JavaSE-1.8"/>
	<classpathentry kind="lib" path="lib/commons-logging-1.1.1.jar"/>
	<classpathentry kind="lib" path="lib/log4j-1.2.9.jar"/>
	<classpathentry kind="lib" path="lib/ojdbc6.jar"/>
	<classpathentry kind="lib" path="lib/spring-aop-4.0.3.RELEASE.jar"/>
	<classpathentry kind="lib" path="lib/spring-beans-4.0.3.RELEASE.jar"/>
	<classpathentry kind="lib" path="lib/spring-boot-1.0.0.RELEASE.jar"/>
	<classpathentry kind="lib" path="lib/spring-boot-autoconfigure-1.0.0.RELEASE.jar"/>
	<classpathentry kind="lib" path="lib/spring-context-4.0.3.RELEASE.jar"/>
	<classpathentry kind="lib" path="lib/spring-context-support-4.0.3.RELEASE.jar"/>
	<classpathentry kind="lib" path="lib/spring-core-4.0.3.RELEASE.jar"/>
	<classpathentry kind="lib" path="lib/spring-expression-4.0.3.RELEASE.jar"/>
	<classpathentry kind="output" path="bin"/>
</classpath>
